completion date,Title,author(s),pages,review,rating,status,format,platform,publisher,Imprint,publication date,type,genre,language
,ボッコちゃん,星 新一,315,n,2,Completed,Physical Book,,新潮社,新潮文庫,25-May-1971,Fiction,science fiction,jp
12-05-20,三毛猫ホームズの推理,赤川 次郎,368,y,3,Completed,E-Book,Kindle,KADOKAWA,角川文庫,1-Apr-1984,Fiction,Mystery,jp
06-24-20,ミステリ博物館,赤川 次郎,339,n,4,Completed,Physical Book,,KADOKAWA,角川文庫,1-Jul-1985,Fiction,Mystery,jp
02-28-19,Jacques the Fatalist and His Master,Denis Diderot,261,y,2.5,Completed,Physical Book,,Penguin Random House,Penguin Classics,30-Jan-1986,Fiction,Humour/ Satire,jp
02-15-18,卒業,東野 圭吾,371,y,4.5,Completed,Physical Book,,講談社,講談社文庫,8-May-1989,Fiction,Mystery,jp
11-01-20,吾輩は猫である,夏目 漱石,563,y,3.5,Completed,Audiobook,Audible,岩波書店,岩波文庫,16-Apr-1990,Fiction,Literary Fiction,jp
,注文の多い料理店,宮沢 賢治,358,n,,Completed,Physical Book,,新潮社,新潮文庫,29-May-1990,Fiction,Fantasy,jp
07-17-20,本日は泥棒日和,赤川 次郎,318,y,5,Completed,Physical Book,,徳間文庫,徳間文庫,1-Oct-1990,Fiction,Humour/ Satire,jp
10-26-20,Doctor Thorne,Anthony Trollope,592,y,4,Completed,Physical Book,,Penguin Random House,Penguin Classics,25-Apr-1991,Fiction,Literary Fiction,eng
05-10-17,If On A Winter's Night A Traveller,Italo Calvino,272,y,4,Completed,Physical Book,,Penguin Random House,Vintage Classics,20-Feb-1992,Fiction,Humour/ Satire,eng
08-06-20,銀の海 金の大地,氷室 冴子,252,y,2,Completed,Physical Book,,集英社,コバルト文庫,3-Mar-1992,Fiction,Fantasy,jp
03-17-17,眠りの森,東野 圭吾,328,y,4,Completed,Physical Book,,講談社,講談社文庫,3-Apr-1992,Fiction,Mystery,jp
06-14-18,Pride & Prejudice,Jane Austen,329,y,4,Completed,Physical Book,,Wordsworth Editions,Wordsworth Editions,5-May-1992,Fiction,Romance,eng
09-12-17,Dr Jekyll and Mr Hyde,Robert Louis Stevenson,256,y,4.5,Completed,Physical Book,,Wordsworth Editions,Wordsworth Editions,5-Jul-1993,Fiction,Science Fiction,eng
10-24-20,Shirley,Charlotte Bronte,528,y,4,Completed,Physical Book,,Wordsworth Editions,Wordsworth Editions,5-Aug-1993,Fiction,Romance,eng
09-01-18,名探偵コナン (1),青山 剛昌,181,y,4,Completed,Manga,,小学館,少年サンデーコミックス,18-Jun-1994,Fiction,Mystery,jp
09-06-18,名探偵コナン (2),青山 剛昌,176,n,3,Completed,Manga,,小学館,少年サンデーコミックス,18-Jul-1994,Fiction,Mystery,jp
07-20-19,The Alchemist,Paulo Coelho,224,n,5,Completed,Physical Book,,HarperCollins,HarperCollins,1-Jan-1995,Fiction,Bildungsroman,eng
04-18-17,The Alchemist,Paulo Coelho,224,y,5,Completed,Physical Book,,HarperCollins,HarperCollins,1-Jan-1995,Fiction,Self Help,eng
06-28-17,おかっさまごっこ―小さい小さいこいものがたり,代田 昇,31,y,1,Completed,Physical Book,,童心社,童心社,1-Mar-1996,Fiction,Picture book,jp
04-26-20,The Moonstone,Wilkie Collins,528,y,4,Completed,Physical Book,,Penguin Random House,Penguin Classics,26-Nov-1998,Fiction,Mystery,eng
,どちらかが彼女を殺した,東野 圭吾,356,y,5,Completed,Physical Book,,講談社,講談社文庫,14-May-1999,Fiction,Mystery,jp
07-21-17,Breakfast at Tiffany's,Truman Capote,160,y,3,Completed,Physical Book,,Penguin Random House,Penguin Classics,27-Apr-2000,Fiction,Literary Fiction,eng
03-10-19,Crime and Punishment,Fyodor Dostoevsky,528,y,2.5,Completed,Physical Book,,Wordsworth Editions,Wordsworth Editions,5-May-2000,Fiction,Literary Fiction,eng
01-03-19,Hard-Boiled Wonderland And The End Of The World,Haruki Murakami,416,y,3,Completed,Physical Book,,Penguin Random House,Vintage,1-Jan-2001,Fiction,Magical realism,eng
,悪意,東野 圭吾,376,y,5,Completed,Physical Book,,講談社,講談社文庫,17-Jan-2001,Fiction,Mystery,jp
,A Study in Scarlet & The Sign of the Four,Sir Arthur Conan Doyle,224,n,4,Completed,Physical Book,,Wordsworth Editions,Wordsworth Editions,5-Dec-2001,Fiction,Mystery,eng
06-13-17,探偵ガリレオ,東野 圭吾,330,n,4,Completed,Physical Book,,文藝春秋,文春文庫,10-Feb-2002,Fiction,Mystery,jp
,私が彼を殺した,東野 圭吾,448,y,4,Completed,Physical Book,,講談社,講談社文庫,15-Mar-2002,Fiction,Mystery,jp
03-25-17,The Picture of Dorian Gray,Wilde Oscar,304,y,4,Completed,Physical Book,,Penguin Random House,Penguin Classics,30-Jan-2003,Fiction,Literary Fiction,eng
05-28-17,嘘をもうひとつだけ,東野 圭吾,272,y,4,Completed,Physical Book,,講談社,講談社文庫,14-Feb-2003,Fiction,Mystery,jp
01-18-20,重力ピエロ,伊坂 幸太郎,337,y,4,Completed,Physical Book,,新潮社,新潮社,1-Apr-2003,Fiction,Mystery,jp
10-06-20,予知夢,東野 圭吾,270,y,4,Completed,Physical Book,,文藝春秋,文春文庫,1-Aug-2003,Fiction,Mystery,jp
09-13-19,オーデュボンの祈り,伊坂 幸太郎,464,n,,Completed,Physical Book,,新潮社,新潮文庫,28-Nov-2003,Fiction,Mystery,jp
10-04-20,The Warden,Anthony Trollope,201,y,1,Completed,Physical Book,,Penguin Random House,Penguin Classics,1-Jan-2004,Fiction,Humour/ Satire,eng
,伯爵と妖精 あいつは優雅な大悪党,谷 瑞恵,288,n,,Completed,Physical Book,,集英社,コバルト文庫,3-Mar-2004,Fiction,Romance,jp
01-09-18,デュラララ!!,成田 良悟,347,y,4,Completed,Physical Book,,KADOKAWA,アスキーメディアワークス,10-Apr-2004,Fiction,Fantasy,jp
,伯爵と妖精 あまい罠には気をつけて,谷 瑞恵,288,n,,Completed,Physical Book,,集英社,コバルト文庫,31-Aug-2004,Fiction,Romance,jp
04-06-17,純愛ロマンチカ,藤崎 都,244,y,3,Completed,Physical Book,,KADOKAWA,角川ルビー文庫,29-Oct-2004,Fiction,Romance,jp
,伯爵と妖精 プロポーズはお手やわらかに,谷 瑞恵,288,n,,Completed,Physical Book,,集英社,コバルト文庫,2-Mar-2005,Fiction,Romance,jp
05-17-18,デュラララ!!×2,成田 良悟,360,n,3,Completed,Physical Book,,KADOKAWA,アスキーメディアワークス,10-Mar-2005,Fiction,Fantasy,jp
05-23-17,純愛ロマンチカ (2),藤崎 都,228,n,3,Completed,Physical Book,,KADOKAWA,角川ルビー文庫,31-Mar-2005,Fiction,Romance,jp
02-22-17,伯爵と妖精 恋人は幽霊,谷 瑞恵,304,n,,Completed,Physical Book,,集英社,コバルト文庫,1-Jun-2005,Fiction,Romance,jp
11-18-20,GOTH 夜の章,乙一,190,y,4,Completed,Physical Book,,KADOKAWA,角川文庫,25-Jun-2005,Fiction,Thriller,jp
04-18-19,GOTH 僕の章,乙一,253,n,5,Completed,Physical Book,,KADOKAWA,角川文庫,25-Jun-2005,Fiction,Thriller,jp
03-25-19,GOTH 夜の章,乙一,190,y,4,Completed,Physical Book,,KADOKAWA,角川文庫,25-Jun-2005,Fiction,Thriller,jp
,Maurice,E.M. Forster,272,n,,Completed,Physical Book,,Penguin Random House,Penguin Classics,28-Jul-2005,Fiction,Romance,eng
03-05-17,伯爵と妖精 呪いのダイヤに愛をこめて,谷 瑞恵,288,n,3,Completed,Physical Book,,集英社,コバルト文庫,1-Sep-2005,Fiction,Romance,jp
06-02-17,取り換えられたプリンセス 伯爵と妖精,谷 瑞恵,282,n,4,Completed,Physical Book,,集英社,コバルト文庫,1-Nov-2005,Fiction,Romance,jp
08-17-20,陽気なギャングが地球を回す,伊坂 幸太郎,394,y,5,Completed,Physical Book,,祥伝社,祥伝社文庫,8-Feb-2006,Fiction,Humour/ Satire,jp
,陽気なギャングが地球を回す,伊坂 幸太郎,394,n,5,Completed,Physical Book,,祥伝社,祥伝社文庫,8-Feb-2006,Fiction,Humour/ Satire,jp
08-31-17,伯爵と妖精 涙の秘密をおしえて,谷 瑞恵,288,y,3.5,Completed,Physical Book,,集英社,コバルト文庫,31-Mar-2006,Fiction,Romance,jp
07-10-18,Freakonomics,"Steven D. Levitt, Stephen J. Dubner",336,y,4.5,Completed,Physical Book,,Penguin Random House,Penguin,6-Apr-2006,Nonfiction,Economics,eng
04-08-22,Freakonomics,"Steven D. Levitt, Stephen J. Dubner",336,y,3,Completed,Audiobook,Libby,Penguin Random House,Penguin,6-Apr-2006,Nonfiction,Economics,eng
12-13-20,ZOO 1,乙一,272,y,5,Completed,Physical Book,,集英社,集英社文庫,19-May-2006,Fiction,Horror,jp
10-04-17,伯爵と妖精 駆け落ちは月夜を待って,谷 瑞恵,266,n,3,Completed,Physical Book,,集英社,コバルト文庫,30-Jun-2006,Fiction,Romance,jp
10-06-21,The Haunted Hotel & Other Stories,Wilkie Collins,336,n,3,Completed,Physical Book,,Wordsworth Editions,Wordsworth Editions,5-Aug-2006,Fiction,Horror,eng
06-25-18,デュラララ!!×3,成田 良悟,456,n,3,Completed,Physical Book,,KADOKAWA,アスキーメディアワークス,10-Aug-2006,Fiction,Fantasy,jp
01-11-21,夜のピクニック,恩田 陸,455,y,2,Completed,Physical Book,,新潮社,新潮文庫,7-Sep-2006,Fiction,Contemporary,jp
01-19-18,伯爵と妖精 女神に捧ぐ鎮魂歌,谷 瑞恵,273,y,4,Completed,Physical Book,,集英社,コバルト文庫,3-Oct-2006,Fiction,Romance,jp
06-21-20,The Lies of Locke Lamora,Scott Lynch,736,y,5,Completed,Physical Book,,Orion,Gollancz,1-Feb-2007,Fiction,Fantasy,eng
03-09-18,伯爵と妖精 ロンドン橋に星は灯る,谷 瑞恵,304,y,3,Completed,Physical Book,,集英社,コバルト文庫,1-Mar-2007,Fiction,Romance,jp
10-16-20,葉桜の季節に君を想うということ,歌野 晶午,477,y,2.5,Completed,Physical Book,,文藝春秋,文春文庫,10-May-2007,Fiction,Mystery,jp
01-10-19,伯爵と妖精 花嫁修業は薔薇迷宮で,谷 瑞恵,288,n,3,Completed,Physical Book,,集英社,コバルト文庫,1-Jun-2007,Fiction,Romance,jp
06-06-20,Professor Stewart's Cabinet of Mathematical Curiosities,Ian Stewart,320,y,3,Completed,Physical Book,,Penguin Random House,Profile Books,1-Jul-2007,Nonfiction,Mathematics,eng
,夢をかなえるゾウ,水野 敬也,357,n,,DNF,Audiobook,Audible,飛鳥新社,飛鳥新社,11-Aug-2007,Fiction,Self-Esteem,jp
09-10-18,伯爵と妖精 紳士の射止めかた教えます,谷 瑞恵,256,y,3,Completed,Physical Book,,集英社,コバルト文庫,2-Oct-2007,Fiction,Romance,jp
07-10-20,Red Seas Under Red Skies,Scott Lynch,784,y,4,Completed,Physical Book,,Orion,Gollancz,8-Nov-2007,Fiction,Fantasy,eng
01-08-20,オレたちバブル入行組,池井戸 潤,368,y,4,Completed,Physical Book,,文藝春秋,文春文庫,6-Dec-2007,Fiction,経済小説,jp
01-15-19,伯爵と妖精 紅の騎士に願うならば,谷 瑞恵,288,n,3,Completed,Physical Book,,集英社,コバルト文庫,26-Dec-2007,Fiction,Romance,jp
07-02-21,死神の精度,伊坂 幸太郎,345,y,4,Completed,Audiobook,Audible,文藝春秋,文春文庫,8-Feb-2008,Fiction,Mystery,jp
11-09-20,伯爵と妖精 誰がために聖地は夢みる,谷 瑞恵,288,y,2.5,Completed,Physical Book,,集英社,コバルト文庫,1-Mar-2008,Fiction,Romance,jp
10-03-19,デュラララ!!×4,成田 良悟,392,n,4,Completed,Physical Book,,KADOKAWA,電撃文庫,10-Mar-2008,Fiction,Fantasy,jp
,ヘタリア Axis Powers,日丸屋 秀和,134,n,,Completed,Manga,,幻冬舎,幻冬舎コミックス,28-Mar-2008,Fiction,Humour/ Satire,jp
,ヴァンパイア騎士 憂氷(アイスブルー)の罪,"樋野 まつり, 藤咲 あゆな",188,n,,Completed,Physical Book,,白泉社,花とゆめCOMICSスペシャルララノベルズ,5-Apr-2008,Fiction,Fantasy,jp
11-17-20,さまよう刃,東野 圭吾,499,y,5,Completed,Physical Book,,KADOKAWA,角川文庫,24-May-2008,Fiction,Mystery,jp
,1984,George Orwell,336,n,,Completed,Physical Book,,Penguin Random House,Penguin,3-Jul-2008,Fiction,Dystopian,eng
11-14-20,伯爵と妖精 運命の赤い糸を信じますか?,谷 瑞恵,256,y,2.5,Completed,Physical Book,,集英社,コバルト文庫,1-Aug-2008,Fiction,Romance,jp
08-26-17,ストロベリーナイト,誉田 哲也,435,y,4,Completed,Physical Book,,光文社,光文社文庫,9-Sep-2008,Fiction,Mystery,jp
12-31-20,妖怪アパートの幽雅な日常 1,香月 日輪,256,y,4.5,Completed,Physical Book,,講談社,講談社文庫,15-Oct-2008,Fiction,Fantasy,jp
10-24-17,妖怪アパートの幽雅な日常 1,香月 日輪,256,y,4.5,Completed,Physical Book,,講談社,講談社文庫,15-Oct-2008,Fiction,Fantasy,jp
12-28-20,伯爵と妖精 誓いのキスを夜明けまでに,谷 瑞恵,304,y,2.5,Completed,Physical Book,,集英社,コバルト文庫,31-Oct-2008,Fiction,Romance,jp
12-30-20,伯爵と妖精 紳士淑女のための愛好者読本,谷 瑞恵 with アシェンバート伯爵家,160,y,2.5,Completed,Physical Book,,集英社,コバルト文庫,28-Nov-2008,Fiction,Fantasy,jp
,ヘタリア 2―axis powers 特装版,日丸屋 秀和,132,n,4,Completed,Manga,,幻冬舎,幻冬舎コミックス,1-Dec-2008,Fiction,Humour/ Satire,jp
02-28-17,夜は短し歩けよ乙女,森見 登美彦,320,n,1,Completed,Physical Book,,KADOKAWA,角川文庫,25-Dec-2008,Fiction,Magical realism,jp
10-27-20,デュラララ!!×5,成田 良悟,328,y,4,Completed,Physical Book,,KADOKAWA,電撃文庫,10-Mar-2009,Fiction,Fantasy,jp
03-12-18,妖怪アパートの幽雅な日常 2,香月 日輪,224,y,4,Completed,Physical Book,,講談社,講談社文庫,13-Mar-2009,Fiction,Fantasy,jp
03-11-20,Bad Science,Ben Goldacre,382,y,4,Completed,Physical Book,,HarperCollins,Fourth Estate (GB),1-Apr-2009,Nonfiction,science,eng
,窮鼠はチーズの夢を見る,水城 せとな,200,n,,Completed,Manga,Kindle,小学館,フラワーコミックスα,8-May-2009,Fiction,Romance,jp
03-20-17,家政夫は今日も眠れない,夏目 もも,222,n,,Completed,Physical Book,,万能鑑定士Qの事件簿,角川ルビー文庫,1-Jun-2009,Fiction,Romance,jp
09-25-17,赤い指,東野 圭吾,320,y,4,Completed,Physical Book,,講談社,講談社文庫,12-Aug-2009,Fiction,Mystery,jp
,陽気なギャングの日常と襲撃,伊坂 幸太郎,440,y,4,Completed,Physical Book,,祥伝社,祥伝社文庫,30-Aug-2009,Fiction,Humour/ Satire,jp
11-06-20,The Final Empire,Brandon Sanderson,672,y,4.5,Completed,Physical Book,,Orion,Gollancz,1-Oct-2009,Fiction,Fantasy,eng
07-19-20,The Haunting of Hill House,Shirley Jackson,256,y,3,Completed,Audiobook,Unknown,Penguin Random House,Penguin Classics,1-Oct-2009,Fiction,Horror,eng
02-08-19,ソウルケイジ,誉田 哲也,438,y,3,Completed,Physical Book,,光文社,光文社文庫,8-Oct-2009,Fiction,Mystery,jp
03-31-21,もし高校野球の女子マネージャーがドラッカーの『マネジメント』を読んだら,岩崎 夏海,272,y,5,Completed,E-Book,Kindle,ダイヤモンド社,ダイヤモンド社,4-Dec-2009,Fiction,経営書,jp
11-24-20,The Well of Ascension,Brandon Sanderson,800,y,2.5,Completed,Physical Book,,Orion,Gollancz,10-Dec-2009,Fiction,Fantasy,eng
04-30-18,妖怪アパートの幽雅な日常 3,香月 日輪,192,n,4,Completed,Physical Book,,講談社,講談社文庫,15-Dec-2009,Fiction,Fantasy,jp
03-24-18,さくら荘のペットな彼女,鴨志田 一,327,y,2,Completed,Physical Book,,KADOKAWA,電撃文庫,10-Jan-2010,Fiction,Humour/ Satire,jp
12-22-20,The Hero of Ages,Brandon Sanderson,768,y,3.5,Completed,Physical Book,,Orion,Gollancz,11-Feb-2010,Fiction,Fantasy,eng
05-31-21,A Pale View of Hills,Kazuo Ishiguro,192,y,1,Completed,Audiobook,Libby,Faber & Faber,Faber & Faber,25-Feb-2010,Fiction,Literary Fiction,eng
07-07-17,万能鑑定士Qの事件簿 I,松岡 圭祐,275,y,3,Completed,Physical Book,,KADOKAWA,角川文庫,24-Apr-2010,Fiction,Mystery,jp
,ヘタリア〈3〉Axis Powers,日丸屋 秀和,132,n,,Completed,Manga,,幻冬舎,幻冬舎コミックス,31-May-2010,Fiction,Humour/ Satire,jp
08-30-18,妖怪アパートの幽雅な日常 4,香月 日輪,204,y,4,Completed,Physical Book,,講談社,講談社文庫,15-Jun-2010,Fiction,Fantasy,jp
06-28-17,源氏物語 悲しみの皇子,高山 由紀子,357,y,4.5,Completed,Physical Book,,KADOKAWA,角川書店,30-Sep-2010,Fiction,Fantasy,jp
01-31-18,白銀ジャック,東野 圭吾,416,y,5,Completed,Physical Book,,実業之日本社,実業之日本社文庫,15-Oct-2010,Fiction,Mystery,jp
12-03-20,オレたち花のバブル組,池井戸 潤,368,y,5,Completed,Physical Book,,文藝春秋,文春文庫,10-Dec-2010,Fiction,経済小説,jp
03-17-18,バチカン奇跡調査官 黒の学院,藤木 稟,512,y,4.75,Completed,Physical Book,,KADOKAWA,角川ホラー文庫,25-Dec-2010,Fiction,Horror,jp
06-08-17,さよならドビュッシー,中山 七里,415,y,2,Completed,Physical Book,,宝島社,宝島社文庫,12-Jan-2011,Fiction,Mystery,jp
06-27-19,ダイイング・アイ,東野 圭吾,408,n,4,Completed,Physical Book,,光文社,光文社文庫,12-Jan-2011,Fiction,Mystery,jp
12-22-18,妖怪アパートの幽雅な日常 5,香月 日輪,288,y,4.5,Completed,Physical Book,,講談社,講談社文庫,14-Jan-2011,Fiction,Fantasy,jp
04-25-18,バチカン奇跡調査官 サタンの裁き,藤木 稟,338,n,3,Completed,Physical Book,,KADOKAWA,角川ホラー文庫,25-Jan-2011,Fiction,Horror,jp
06-16-19,シンメトリー,誉田 哲也,326,n,5,Completed,Physical Book,,光文社,光文社文庫,9-Feb-2011,Fiction,Mystery,jp
,0能者ミナト,葉山 透,341,n,,Completed,Physical Book,,KADOKAWA,メディアワークス文庫,25-Feb-2011,Fiction,Mystery,jp
05-25-18,バチカン奇跡調査官 闇の黄金,藤木 稟,320,n,3,Completed,Physical Book,,KADOKAWA,角川ホラー文庫,25-Feb-2011,Fiction,Horror,jp
04-10-22,Economics,The Economist,368,y,5,Completed,Audiobook,Audible,Economist Books,Economist Books,3-Mar-2011,Nonfiction,Economics,eng
12-07-21,Economics,The Economist,368,y,5,Completed,Audiobook,Audible,Economist Books,Economist Books,3-Mar-2011,Nonfiction,Economics,eng
,ビブリア古書堂の事件手帖 ~栞子さんと奇妙な客人たち~,三上 延,322,n,4,Completed,Physical Book,,KADOKAWA,メディアワークス文庫,25-Mar-2011,Fiction,Mystery,jp
06-28-17,蜘蛛の糸,芥川 龍之介,128,n,3,Completed,Physical Book,,KADOKAWA,280円文庫,15-Apr-2011,Fiction,Literary Fiction,jp
02-20-22,Metamorphosis,Franz Kafka,72,y,3,Completed,Audiobook,Audible,Blackstone,Blackstone Audio,27-Apr-2011,Fiction,Literary Fiction,eng
,鬼灯の冷徹(1),江口 夏実,128,y,4,Completed,Manga,,講談社,モーニング KC,23-May-2011,Fiction,Fantasy,jp
02-21-18,陽だまりの彼女,越谷 オサム,342,y,2.5,Completed,Physical Book,,新潮社,新潮文庫,28-May-2011,Fiction,Romance,jp
04-27-18,ジョーカー・ゲーム,柳 広司,280,y,2.5,Completed,Physical Book,,KADOKAWA,角川文庫,23-Jun-2011,Fiction,Thriller,jp
,0能者ミナト<2>,葉山 透,261,n,,Completed,Physical Book,,KADOKAWA,メディアワークス文庫,25-Jun-2011,Fiction,Mystery,jp
,ヘタリア ４ Axis Powers,日丸屋 秀和,133,n,4,Completed,Manga,,幻冬舎,幻冬舎コミックス,30-Jun-2011,Fiction,Humour/ Satire,jp
01-29-19,妖怪アパートの幽雅な日常 6,香月 日輪,256,n,4,Completed,Physical Book,,講談社,講談社文庫,15-Jul-2011,Fiction,Fantasy,jp
12-21-18,バチカン奇跡調査官 千年王国のしらべ,藤木 稟,416,y,3,Completed,Physical Book,,KADOKAWA,角川ホラー文庫,23-Jul-2011,Fiction,Horror,jp
02-14-17,黒執事(12),枢 やな,153,n,,Completed,Manga,,スクウェア・エニックス,Gファンタジーコミックス,27-Jul-2011,Fiction,Horror,jp
01-20-18,鬼灯の冷徹(2),江口 夏実,128,y,3,Completed,Manga,,講談社,モーニング KC,23-Aug-2011,Fiction,Fantasy,jp
04-26-22,23 Things They Don't Tell You About Capitalism,Ha-Joon Chang,288,y,4.5,Completed,Physical Book,,Penguin Random House,Penguin,1-Sep-2011,Nonfiction,Economics,eng
,The Case-Book of Sherlock Holmes,Sir Arthur Conan Doyle,320,n,,Completed,Physical Book,,Penguin Random House,Penguin,1-Sep-2011,Fiction,Mystery,eng
06-11-19,バチカン奇跡調査官 血と薔薇と十字架,藤木 稟,448,n,3,Completed,Physical Book,,KADOKAWA,角川ホラー文庫,25-Oct-2011,Fiction,Horror,jp
02-12-17,黒執事(13),枢 やな,166,n,,Completed,Manga,,スクウェア・エニックス,Gファンタジーコミックス,27-Oct-2011,Fiction,Horror,jp
,世界一初恋 ~横澤隆史の場合~,藤崎 都,212,n,4,Completed,Physical Book,,KADOKAWA,角川ルビー文庫,29-Oct-2011,Fiction,Romance,jp
12-17-16,0能者ミナト<3>,葉山 透,271,n,,Completed,Physical Book,,KADOKAWA,メディアワークス文庫,22-Dec-2011,Fiction,Mystery,jp
01-31-19,妖怪アパートの幽雅な日常7,香月 日輪,232,n,4,Completed,Physical Book,,講談社,講談社文庫,15-Feb-2012,Fiction,Fantasy,jp
02-17-17,黒執事(14),枢 やな,166,n,,Completed,Manga,,スクウェア・エニックス,Gファンタジーコミックス,26-Mar-2012,Fiction,Horror,jp
,Pandora Hearts～Caucus race 2～,"若宮 シノブ, 望月 淳",287,n,,Completed,Physical Book,,スクウェア・エニックス,Ｇファンタジーノベルズ,27-Mar-2012,Fiction,Fantasy,jp
,グッドカミング―トオルとネコ、たまに猫,村上 桃子,251,y,2.5,Completed,Physical Book,,泰文堂,リンダブックス,1-Apr-2012,Fiction,Romance,jp
11-07-20,聖女の救済,東野 圭吾,432,y,4,Completed,Physical Book,,文藝春秋,文春文庫,10-Apr-2012,Fiction,Mystery,jp
03-15-17,走れメロス,太宰 治,125,y,3,Completed,Physical Book,,KADOKAWA,ハルキ文庫,15-Apr-2012,Fiction,Literary Fiction,jp
02-04-20,Tale of Two Cities,Charles Dickens,480,n,2,Completed,Physical Book,,Penguin Random House,Penguin Classics,26-Apr-2012,Fiction,Literary Fiction,eng
01-25-21,Persuasion,Jane Austen,272,y,2.5,Completed,Physical Book,,Penguin Random House,Penguin Classics,26-Apr-2012,Fiction,Romance,eng
10-12-20,Lady Audley's Secret,Mary Elizabeth Braddon,512,y,5,Completed,Physical Book,,Penguin Random House,Penguin Classics,26-Apr-2012,Fiction,Mystery,eng
,ビブリア古書堂の事件手帖3 ~栞子さんと消えない絆~,三上 延,274,n,4,Completed,Physical Book,,KADOKAWA,メディアワークス文庫,21-Jun-2012,Fiction,Mystery,jp
01-10-17,0能者ミナト<4>,葉山 透,248,y,4,Completed,Physical Book,,KADOKAWA,メディアワークス文庫,25-Jul-2012,Fiction,Mystery,jp
12-24-19,Emma,Jane Austen,496,y,3,Completed,Physical Book,,Penguin Random House,Penguin Classics,26-Jul-2012,Fiction,Bildungsroman,eng
,ヘタリア 5 Axis Powers,日丸屋 秀和,133,n,,Completed,Manga,,幻冬舎,幻冬舎コミックス,31-Jul-2012,Fiction,Humour/ Satire,jp
09-13-21,勝手にふるえてろ,綿矢 りさ,218,y,4,Completed,Audiobook,Audible,文藝春秋,文春文庫,3-Aug-2012,Fiction,Bildungsroman,jp
,世界一初恋 ~横澤隆史の場合2~,藤崎 都,233,n,4,Completed,Physical Book,,KADOKAWA,角川ルビー文庫,31-Aug-2012,Fiction,Romance,jp
07-13-17,Live and Let Die,Ian Fleming,336,y,4,Completed,Physical Book,,Penguin Random House,Vintage Classics,6-Sep-2012,Fiction,Thriller,eng
05-18-17,Casino Royale,Ian Fleming,256,y,4.5,Completed,Physical Book,,Penguin Random House,Vintage Classics,6-Sep-2012,Fiction,Thriller,eng
01-05-18,Diamonds are Forever,Ian Fleming,336,y,2.5,Completed,Physical Book,,Penguin Random House,Vintage Classics,6-Sep-2012,Fiction,Thriller,eng
12-10-17,Moonraker,Ian Fleming,352,y,3.75,Completed,Physical Book,,Penguin Random House,Vintage Classics,6-Sep-2012,Fiction,Thriller,eng
03-19-19,A Room with a View,E.M. Forster,256,y,4,Completed,Physical Book,,Penguin Random House,Penguin Classics,27-Sep-2012,Fiction,Romance,eng
02-17-17,黒執事(15),枢 やな,158,n,,Completed,Manga,,スクウェア・エニックス,Gファンタジーコミックス,27-Oct-2012,Fiction,Horror,jp
02-20-22,Daughter of Smoke and Bone,Laini Taylor,448,n,4,Completed,Audiobook,Audible,Hachette Book,Hodder,6-Nov-2012,Fiction,Fantasy,eng
09-13-19,The Psychopath Test,Jon Ronson,240,n,4,Completed,Audiobook,Libby,Macmillan Publishers,Macmillan,7-Nov-2012,Nonfiction,Psychology,eng
01-26-19,The Woman in White,Wilkie Collins,736,y,4,Completed,Physical Book,,Penguin Random House,Penguin Classics,29-Nov-2012,Fiction,Mystery,eng
12-14-19,何者,朝井 リョウ,286,y,4,Completed,Physical Book,,新潮社,新潮文庫,30-Nov-2012,Fiction,Contemporary,jp
,世界一初恋 ~横澤隆史の場合3~,藤崎 都,211,n,4,Completed,Physical Book,,KADOKAWA,角川ルビー文庫,30-Nov-2012,Fiction,Romance,jp
02-04-19,妖怪アパートの幽雅な日常 8,香月 日輪,232,n,4,Completed,Physical Book,,講談社,講談社文庫,14-Dec-2012,Fiction,Fantasy,jp
03-08-17,0能者ミナト<5>,葉山 透,278,n,,Completed,Physical Book,,KADOKAWA,メディアワークス文庫,25-Dec-2012,Fiction,Mystery,jp
06-03-18,終わりのセラフ1 一瀬グレン、16歳の破滅,鏡 貴也,292,y,4,Completed,Physical Book,,講談社,講談社ラノベ文庫,4-Jan-2013,Fiction,Fantasy,jp
,ビブリア古書堂の事件手帖4 栞子さんと二つの顔,三上 延,338,n,4,Completed,Physical Book,,KADOKAWA,メディアワークス文庫,22-Feb-2013,Fiction,Mystery,jp
06-06-18,櫻子さんの足下には死体が埋まっている,太田 紫織,275,y,2.5,Completed,Physical Book,,KADOKAWA,角川文庫,23-Feb-2013,Fiction,Mystery,jp
,文豪ストレイドッグス -1,春河35,190,y,4,Completed,Manga,,KADOKAWA,カドカワコミックス・エース,3-Apr-2013,Fiction,Fantasy,jp
,真夏の方程式,東野 圭吾,463,y,4,Completed,Physical Book,,文藝春秋,文春文庫,10-May-2013,Fiction,Mystery,jp
,The Thief,Fuminori Nakamura,224,,,DNF,Audiobook,Audible,Hachette Book,Corsair,16-May-2013,Fiction,Literary Fiction,eng
10-04-18,本日は、お日柄もよく,原田 マハ,381,y,2.5,Completed,Physical Book,,徳間書店,徳間文庫,7-Jun-2013,Fiction,仕事小説,jp
,世界一初恋 ~横澤隆史の場合4~,藤崎 都,202,n,4,Completed,Physical Book,,KADOKAWA,角川ルビー文庫,29-Jun-2013,Fiction,Romance,jp
,ありふれたチョコレート,秋川 滝美,301,y,5,Completed,Physical Book,,アルファポリス,アルファポリス,1-Jul-2013,Fiction,Romance,jp
08-11-18,終わりのセラフ2 一瀬グレン、16歳の破滅,鏡 貴也,260,y,3,Completed,Physical Book,,講談社,講談社文庫,2-Jul-2013,Fiction,Fantasy,jp
02-05-18,化学探偵Mr.キュリー,喜多 喜久,327,y,3,Completed,Physical Book,,中央公論新社,中公文庫,23-Jul-2013,Fiction,Mystery,jp
08-20-21,死神の浮力,伊坂 幸太郎,436,y,4,Completed,Audiobook,Audible,文藝春秋,文春文庫,30-Jul-2013,Fiction,Mystery,jp
01-22-20,ドS刑事 朱に交われば赤くなる殺人事件,七尾 与史,365,n,,Completed,Physical Book,,幻冬舎,幻冬舎文庫,1-Aug-2013,Fiction,Mystery,jp
,ヘタリア 6 Axis Powers,日丸屋 秀和,133,n,,Completed,Manga,,幻冬舎,幻冬舎コミックス,31-Oct-2013,Fiction,Humour/ Satire,jp
,ヴァンパイア騎士(ナイト) 煌銀(フレイル)の夢,藤咲あゆな,206,n,,Completed,Physical Book,,白泉社,花とゆめCOMICSスペシャルララノベルズ,5-Nov-2013,Fiction,Fantasy,jp
10-16-17,オーダーは探偵に グラスにたゆたう琥珀色の謎解き,近江泉美,274,y,3,Completed,Physical Book,,KADOKAWA,アスキーメディアワークス,22-Nov-2013,Fiction,Mystery,jp
,嫌われる勇気 自己啓発の源流「アドラー」の教え,"岸見 一郎, 古賀 史健",296,,,DNF,Physical Book,,ダイヤモンド社,ダイヤモンド社,13-Dec-2013,Nonfiction,Self Help,jp
03-30-18,下町ロケット,下町ロケット,496,y,5,Completed,Physical Book,,小学館,小学館文庫,26-Dec-2013,Fiction,仕事小説,jp
08-06-20,Vicious,V. E. Schwab,353,y,5,Completed,Physical Book,,Titan,Titan Books,10-Jan-2014,Fiction,Science Fiction,eng
09-28-17,Vicious,V. E. Schwab,353,y,5,Completed,Physical Book,,Titan,Titan Books,10-Jan-2014,Fiction,Science Fiction,eng
04-15-18,麒麟の翼,東野 圭吾,384,n,4,Completed,Physical Book,,講談社,講談社文庫,14-Feb-2014,Fiction,Mystery,jp
04-07-18,ピンクとグレー,加藤 シゲアキ,320,y,5,Completed,Physical Book,,KADOKAWA,角川文庫,25-Feb-2014,Fiction,Contemporary,jp
,世界一初恋~横澤隆史の場合5~,藤崎 都,216,n,4,Completed,Physical Book,,KADOKAWA,角川ルビー文庫,28-Feb-2014,Fiction,Romance,jp
06-20-17,エウロパの底から,入間 人間,338,y,1,Completed,Physical Book,,KADOKAWA,メディアワークス文庫,25-Mar-2014,Fiction,Fantasy,jp
,文豪ストレイドッグス 太宰治の入社試験,朝霧 カフカ,255,y,4,Completed,Physical Book,,KADOKAWA,角川ビーンズ文庫,29-Mar-2014,Fiction,Fantasy,jp
05-25-19,The Life-Changing Magic of Tidying Up: The Japanese Art of Decluttering and Organizing,Marie Kondo,256,n,3.5,Completed,Audiobook,Unknown,Penguin Random House,Vermilion,3-Apr-2014,Nonfiction,Self Help,eng
04-01-22,Economics: The User's Guide,Ha-Joon Chang,365,n,3,Completed,Audiobook,Audible,Penguin Random House,Pelican,1-May-2014,Nonfiction,Economics,eng
12-12-21,Economics: The User's Guide,Ha-Joon Chang,365,y,4,Completed,Audiobook,Audible,Penguin Random House,Pelican,1-May-2014,Nonfiction,Economics,eng
05-09-18,I Am Pilgrim,Terry Hayes,912,y,5,Completed,Physical Book,,Penguin Random House,Corgi,8-May-2014,Fiction,Thriller,eng
10-16-21,The Female Detective,Andrew Forrester,328,y,1,Completed,Physical Book,,The British Library Publishing Division,The British Library Publishing Division,15-Jun-2014,Fiction,Mystery,eng
11-01-18,楽園のカンヴァス,原田 マハ,440,y,3.5,Completed,Physical Book,,新潮社,新潮文庫,27-Jun-2014,Fiction,Mystery,jp
,マスカレード・ホテル,東野 圭吾,520,y,4,Completed,Physical Book,,集英社,集英社文庫,18-Jul-2014,Fiction,Mystery,jp
09-26-20,Republic of Thieves,Scott Lynch,736,y,3.5,Completed,Physical Book,,Orion,Gollancz,31-Jul-2014,Fiction,Fantasy,eng
,文豪ストレイドッグス 太宰治と黒の時代,朝霧 カフカ,244,n,,Completed,Physical Book,,KADOKAWA,角川ビーンズ文庫,31-Jul-2014,Fiction,Fantasy,jp
09-04-20,ぼくは明日、昨日のきみとデートする,七月 隆文,287,y,4,Completed,Physical Book,,宝島社,宝島社文庫,6-Aug-2014,Fiction,Fantasy,jp
02-25-17,ぼくは明日、昨日のきみとデートする,七月 隆文,287,y,4,Completed,Physical Book,,宝島社,宝島社文庫,6-Aug-2014,Fiction,Romance,jp
,マスカレード・イブ,東野 圭吾,336,y,3,Completed,Physical Book,,集英社,集英社文庫,21-Aug-2014,Fiction,Mystery,jp
11-07-19,Harry Potter and the Goblet of Fire,J. K. Rowling,640,y,2.75,Completed,Physical Book,,Bloomsbury,Bloomsbury Children's Books,1-Sep-2014,Fiction,Bildungsroman,eng
06-19-19,Harry Potter and the Prisoner of Azkaban,J. K. Rowling,480,n,2.5,Completed,Physical Book,,Bloomsbury,Bloomsbury Children's Books,1-Sep-2014,Fiction,Bildungsroman,eng
05-21-19,Harry Potter and the Chamber of Secrets,J. K. Rowling,384,n,,Completed,Physical Book,,Bloomsbury,Bloomsbury Children's Books,1-Sep-2014,Fiction,Bildungsroman,eng
04-11-19,Harry Potter and the Philosopher's Stone,J. K. Rowling,352,y,4,Completed,Physical Book,,Bloomsbury,Bloomsbury Children's Books,1-Sep-2014,Fiction,Bildungsroman,eng
12-09-19,How To Be Parisian: Wherever You Are,"Anne Berest, Audrey Diwan, Caroline de Maigret, Sophie Mas",272,y,3,Completed,Audiobook,Libby,Penguin Random House,Ebury Press,4-Sep-2014,Nonfiction,Fashion,eng
10-08-17,世界から猫が消えたなら,川村 元気,229,y,4,Completed,Physical Book,,小学館,小学館文庫,18-Sep-2014,Fiction,Literary Fiction,jp
,世界から猫が消えたなら,川村 元気,229,y,4,Completed,Physical Book,,小学館,小学館文庫,18-Sep-2014,Fiction,Literary Fiction,jp
,世界一初恋 ~横澤隆史の場合(6)~,藤崎 都,226,n,4,Completed,Physical Book,,KADOKAWA,角川ルビー文庫,30-Sep-2014,Fiction,Romance,jp
05-17-19,ナミヤ雑貨店の奇蹟,東野 圭吾,413,n,4,Completed,Physical Book,,KADOKAWA,角川文庫,22-Nov-2014,Fiction,Mystery,jp
04-17-18,仮面病棟,知念 実希人,344,y,4,Completed,Physical Book,,実業之日本社,実業之日本社文庫,5-Dec-2014,Fiction,Thriller,jp
05-30-21,ここで死神から残念なお知らせです。,榎田 ユウリ,259,y,2,Completed,E-Book,Kindle,新潮社,新潮文庫ｎｅｘ,22-Dec-2014,Fiction,Science Fiction,jp
,ビブリア古書堂の事件手帖 (6) ~栞子さんと巡るさだめ~,三上 延,322,n,4,Completed,Physical Book,,KADOKAWA,メディアワークス文庫,25-Dec-2014,Fiction,Mystery,jp
01-17-21,なぞとき紙芝居,中村 ふみ,256,n,3,Completed,E-Book,Kindle,KADOKAWA,角川ホラー文庫,25-Feb-2015,Fiction,Horror,jp
,ちょっと今から仕事やめてくる,北川 恵海,258,y,5,Completed,Physical Book,,KADOKAWA,メディアワークス文庫,25-Feb-2015,Fiction,仕事小説,jp
05-31-20,A Darker Shade of Magic,V. E. Schwab,400,y,3,Completed,Physical Book,,Titan,Titan Books,27-Feb-2015,Fiction,Fantasy,eng
11-29-20,舟を編む,三浦 しをん,347,n,5,Completed,Physical Book,,光文社,光文社文庫,12-Mar-2015,Fiction,Humour Encyclopaedias,jp
03-31-17,Lady Chatterley's Lover,D. H. Lawrence,384,y,4.5,Completed,Physical Book,,Alma Books,Alma Classics,15-Mar-2015,Fiction,Romance,eng
04-27-20,Simon vs. the Homo Sapiens Agenda,Becky Albertalli,368,y,2,Completed,Physical Book,,Penguin Random House,Penguin,7-Apr-2015,Fiction,Bildungsroman,eng
08-28-19,Sapiens: A Brief History of Humankind,Yuval Noah Harari,512,n,2,Completed,Physical Book,,Penguin Random House,Vintage,30-Apr-2015,Nonfiction,science,eng
02-07-17,ヲタクに恋は難しい (1),ふじた,127,y,5,Completed,Manga,,一迅社,一迅社,30-Apr-2015,Fiction,Romance,jp
,Holes,Louis Sachar,240,n,4,Completed,Physical Book,,Bloomsbury,Bloomsbury Children's Books,7-May-2015,Fiction,Bildungsroman,eng
11-30-21,A Meditation On Murder,Robert Thorogood,384,n,3,Completed,Audiobook,Libby,HarperCollins,MIRA,7-May-2015,Fiction,Mystery,eng
01-01-18,羊と鋼の森,宮下 奈都,243,y,3,Completed,Physical Book,,文藝春秋,文春文庫,11-Sep-2015,Fiction,Realist Literature,jp
10-10-20,Peril at End House,Agatha Christie,252,y,3,Completed,Physical Book,,HarperCollins,HarperCollins,24-Sep-2015,Fiction,Mystery,eng
06-28-21,What If?: Serious Scientific Answer to Absurd Hypothetical Questions,Randall Munroe,320,y,4,Completed,Audiobook,Unknown,Hachette Book,John Murray,24-Sep-2015,Nonfiction,Physical Chemistry,eng
05-31-21,How We Got to Now: Six Innovations that Made the Modern World,Steven Johnson,256,y,5,Completed,Audiobook,Unknown,Penguin Random House,Penguin,24-Sep-2015,Nonfiction,science,eng
,陽気なギャングは三つ数えろ,伊坂 幸太郎,225,y,4,Completed,Physical Book,,祥伝社,ノン・ノベル,8-Oct-2015,Fiction,Humour/ Satire,jp
03-31-18,Illuminae,"Jay Kristoff, Amie Kaufman",608,y,3,Completed,Physical Book,,Oneworld Publications,Rock the Boat,22-Oct-2015,Fiction,Science Fiction,eng
12-10-20,神酒クリニックで乾杯を,知念 実希人,319,y,4,Completed,E-Book,Kindle,KADOKAWA,角川文庫,24-Oct-2015,Fiction,Thriller,jp
04-22-22,Storytelling with Data: A Data Visualization Guide for Business Professionals,Cole Nussbaumer Knaflic,288,n,3.5,Completed,E-Book,Kindle,Wiley,Wiley,20-Nov-2015,Nonfiction,Data,eng
01-20-17,AND THEN THERE WERE NONE,Agatha Christie,256,y,5,Completed,Physical Book,,HarperCollins,HarperCollins,3-Dec-2015,Fiction,Mystery,eng
08-23-21,The Killing of Polly Carter,Robert Thorogood,370,y,3,Completed,Audiobook,Libby,HarperCollins,HQ,3-Dec-2015,Fiction,Mystery,eng
,宝石商リチャード氏の謎鑑定,辻村 七子,288,y,2,Completed,Physical Book,,集英社,集英社オレンジ文庫,17-Dec-2015,Fiction,Mystery,jp
07-03-19,So You've Been Publicly Shamed,Jon Ronson,320,n,4,Completed,Audiobook,Libby,Macmillan Publishers,Macmillan,31-Dec-2015,Nonfiction,Law,eng
02-25-17,女王と仕立て屋,スカーレット・ベリ子,173,n,,Completed,Manga,Kindle,新書館,ディアプラス・コミックス,20-Jan-2016,Fiction,Romance,jp
08-11-19,ありふれたチョコレート〈2〉,秋川 滝美,380,n,5,Completed,Physical Book,,アルファポリス,アルファポリス文庫,8-Feb-2016,Fiction,Romance,jp
07-23-19,七つの会議,池井戸 潤,496,n,5,Completed,Physical Book,,集英社,集英社文庫,19-Feb-2016,Fiction,経済小説,jp
04-27-17,二階堂弁護士は今日も仕事がない,佐藤 大和,296,y,2,Completed,Physical Book,,マイナビ出版,ファン文庫,17-Mar-2016,Fiction,Mystery,jp
10-11-20,Poirot Investigates,Agatha Christie,224,y,1.5,Completed,Physical Book,,HarperCollins,HarperCollins,24-Mar-2016,Fiction,Mystery,eng
02-25-18,D坂の殺人事件,江戸川 乱歩,349,y,3,Completed,Physical Book,,KADOKAWA,角川文庫,25-Mar-2016,Fiction,Thriller,jp
02-08-17,痴人の愛,谷崎 潤一郎,409,y,5,Completed,Physical Book,,KADOKAWA,角川文庫,25-Mar-2016,Fiction,Romance,jp
03-04-19,サブマリン,伊坂 幸太郎,274,n,3.5,Completed,Physical Book,,講談社,講談社文庫,30-Mar-2016,Fiction,Mystery,jp
03-09-17,ヲタクに恋は難しい (2),ふじた,127,y,4,Completed,Manga,,一迅社,一迅社,31-Mar-2016,Fiction,Romance,jp
04-05-18,おんみょう紅茶屋らぷさん ~陰陽師のいるお店で、あなただけの一杯を~,古野まほろ,338,y,2,Completed,Physical Book,,KADOKAWA,メディアワークス文庫,23-Apr-2016,Fiction,Fantasy,jp
12-23-20,神酒クリニックで乾杯を 淡雪の記憶,知念 実希人,344,y,3.5,Completed,E-Book,Kindle,KADOKAWA,角川文庫,23-Apr-2016,Fiction,Thriller,jp
12-21-21,Misbehaving: The Making of Behavioral Economics,Richard H Thaler,432,y,4,Completed,Audiobook,Audible,Penguin Random House,Penguin,5-May-2016,Nonfiction,Economics,eng
04-02-18,これは経費で落ちません! ~経理部の森若さん~,青木 祐子,256,y,2,Completed,Physical Book,,集英社,集英社オレンジ文庫,20-May-2016,Fiction,仕事小説,jp
08-23-17,Six of Crows,Leigh Bardugo,512,y,3.5,Completed,Physical Book,,Orion,Orion Children's Books,2-Jun-2016,Fiction,Fantasy,eng
02-07-18,PostCapitalism: A Guide to Our Future,Paul Mason,368,y,2,Completed,Physical Book,,Penguin Random House,Penguin,2-Jun-2016,Nonfiction,Economics,eng
11-25-17,This Savage Song,V. E. Schwab,400,y,3,Completed,Physical Book,,Titan,Titan Books,7-Jun-2016,Fiction,Fantasy,eng
05-31-20,A Short History of Nearly Everything,Bill Bryson,672,n,3,Completed,Audiobook,Libby,Penguin Random House,Black Swan,16-Jun-2016,Nonfiction,science,eng
01-03-17,小説 君の名は。,新海 誠,262,n,4,Completed,Physical Book,,KADOKAWA,角川文庫,18-Jun-2016,Fiction,Fantasy,jp
03-08-19,青空エール,"下川 香苗, 持地 佑季子",256,y,4,Completed,Physical Book,,集英社,集英社オレンジ文庫,23-Jun-2016,Fiction,Contemporary,jp
01-23-19,ミッドナイト・バス,伊吹 有喜,496,y,4,Completed,Physical Book,,文藝春秋,文春文庫,4-Aug-2016,Fiction,Realist Literature,jp
01-27-18,バスケの神様 揉めない部活のはじめ方,木崎 菜菜恵,240,y,3,Completed,Physical Book,,集英社,集英社オレンジ文庫,19-Aug-2016,Fiction,Contemporary,jp
09-27-20,GIVER 復讐の贈与者,日野 草,304,n,5,Completed,Physical Book,,KADOKAWA,角川文庫,25-Aug-2016,Fiction,Thriller,jp
05-28-18,GIVER 復讐の贈与者,日野 草,304,y,4,Completed,Physical Book,,KADOKAWA,角川文庫,25-Aug-2016,Fiction,Thriller,jp
02-16-18,My Lady Jane,"Cynthia Hand, Brodi Ashton, Jodi Meadows",352,y,3,Completed,Physical Book,,Trustbridge Global Media,Walker Books,1-Sep-2016,Fiction,Humour/ Satire,eng
05-23-21,Elantris,Brandon Sanderson,608,n,3,Completed,Audiobook,Audible,Orion,Gollancz,8-Sep-2016,Fiction,Fantasy,eng
12-25-18,祈りの幕が下りる時,東野 圭吾,448,y,4,Completed,Physical Book,,講談社,講談社文庫,15-Sep-2016,Fiction,Mystery,jp
09-24-18,時限病棟,知念 実希人,368,y,3.5,Completed,Physical Book,,実業之日本社,実業之日本社文庫,6-Oct-2016,Fiction,Thriller,jp
02-17-17,The Great Gatsby,F. Scott Fitzgerald,256,n,,Completed,Physical Book,,Alma Books,Alma Classics,20-Oct-2016,Fiction,Literary Fiction,eng
03-27-19,Gemina,"Jay Kristoff, Amie Kaufman",672,y,3,Completed,Physical Book,,Oneworld Publications,Rock the Boat,20-Oct-2016,Fiction,Science Fiction,eng
04-30-22,The Subtle Art of Not Giving a F*ck,Mark Manson,304,n,,Completed,Audiobook,Unknown,HarperCollins,Harper Paperbacks,17-Nov-2016,Nonfiction,Self Help,eng
01-10-20,The Subtle Art of Not Giving a F*ck,Mark Manson,304,y,1,Completed,Audiobook,Unknown,HarperCollins,Harper Paperbacks,17-Nov-2016,Nonfiction,Self Help,eng
01-31-18,世界で一番、俺が〇〇(1),水城 せとな,192,y,4,Completed,Manga,,講談社,イブニングKC,22-Nov-2016,Fiction,Fantasy,jp
09-08-18,Nomad,James Swallow,512,y,2.5,Completed,Physical Book,,Bonnier Books,Zaffre,20-Dec-2016,Fiction,Thriller,eng
05-31-17,ヲタクに恋は難しい (3),ふじた,127,y,3.5,Completed,Manga,,一迅社,一迅社,23-Dec-2016,Fiction,Romance,jp
01-06-22,The Happy Closet,Annmarie O'Connor,302,n,2,Completed,Audiobook,BorrowBox,Gill Books,Gill Books,30-Dec-2016,Nonfiction,Fashion,eng
07-12-21,Across the Nightingale Floor,Lian Hearn,304,y,2.5,Completed,Physical Book,,Macmillan Publishers,Picador,12-Jan-2017,Fiction,Fantasy,eng
12-24-20,夜見師,中村 ふみ,288,y,4.5,Completed,E-Book,Kindle,KADOKAWA,角川ホラー文庫,25-Jan-2017,Fiction,Horror,jp
,本日はお日柄もよく,福嶋ユッカ,156,n,,Completed,Manga,Kindle,海王社,GUSH COMICS,10-Feb-2017,Fiction,Romance,jp
09-21-17,ビブリア古書堂の事件手帖7 ~栞子さんと果てない舞台~,三上 延,354,y,5,Completed,Physical Book,,KADOKAWA,メディアワークス文庫,25-Feb-2017,Fiction,Mystery,jp
05-11-18,君は月夜に光り輝く,佐野 徹夜,324,y,4,Completed,Physical Book,,KADOKAWA,アスキーメディアワークス,25-Feb-2017,Fiction,Romance,jp
03-11-17,猫曰く、エスパー課長は役に立たない。,山口 幸三郎,338,y,4,Completed,Physical Book,,KADOKAWA,メディアワークス文庫,25-Feb-2017,Fiction,Fantasy,jp
11-13-17,キネマ探偵カレイドミステリー,斜線堂 有紀,370,y,2,Completed,Physical Book,,KADOKAWA,メディアワークス文庫,25-Feb-2017,Fiction,Mystery,jp
06-09-18,妄想女子はお隣に住むドSな上司に抱かれたい,玉紀 直,299,y,1.5,Completed,Physical Book,,Jパブリッシング,Jパブリッシング,3-Mar-2017,Fiction,Romance,jp
10-09-20,テミスの剣,中山 七里,394,y,3,Completed,Physical Book,,文藝春秋,文春文庫,10-Mar-2017,Fiction,Mystery,jp
03-14-19,明治あやかし新聞 怠惰な記者の裏稼業,さとみ桜,338,y,1.5,Completed,Physical Book,,KADOKAWA,メディアワークス文庫,25-Mar-2017,Fiction,Fantasy,jp
02-03-18,ひきこもりの弟だった,葦舟 ナツ,354,y,5,Completed,Physical Book,,KADOKAWA,メディアワークス文庫,25-Mar-2017,Fiction,Contemporary,jp
10-12-18,22年目の告白-私が殺人犯です,浜口 倫太郎,336,y,5,Completed,Physical Book,,講談社,講談社文庫,14-Apr-2017,Fiction,Thriller,jp
12-29-18,世界で一番、俺が〇〇(2),水城 せとな,176,n,3,Completed,Manga,,講談社,イブニングKC,21-Apr-2017,Fiction,Fantasy,jp
01-23-18,君の膵臓をたべたい,住野 よる,328,y,5,Completed,Physical Book,,双葉社,双葉文庫,27-Apr-2017,Fiction,Romance,jp
01-16-18,新参者,東野 圭吾,416,y,4.5,Completed,Physical Book,,双葉社,講談社文庫,27-Apr-2017,Fiction,Romance,jp
09-05-17,Crooked Kingdom,Leigh Bardugo,560,y,5,Completed,Physical Book,,Orion,Orion Children's Books,4-May-2017,Fiction,Fantasy,eng
01-05-19,Lies,T. M. Logan,528,y,2,Completed,Physical Book,,Twenty7,Twenty7,4-May-2017,Fiction,Thriller,eng
01-17-22,Hunch: Turn Your Everyday Insights into the Next Big Thing,Bernadette Jiwa,176,n,4,Completed,Audiobook,BorrowBox,Penguin Random House,Penguin,1-Jun-2017,Nonfiction,Business,eng
,THE SECRET GARDEN,Frances Hodgson Burnett,375,n,5,Completed,Physical Book,,William Collins,Collins Classics,1-Jun-2017,Fiction,Adventure,eng
06-27-20,One of Us Is Lying,Karen M. McManus,368,y,4,Completed,Audiobook,Libby,Penguin Random House,Penguin,1-Jun-2017,Fiction,Thriller,eng
05-29-19,Astrophysics for People in a Hurry,Neil deGrasse Tyson,224,n,2,Completed,Audiobook,Libby,W. W. Norton & Company,W. W. Norton & Company,2-Jun-2017,Nonfiction,Applied Physics,eng
12-12-17,Our Dark Duet,V. E. Schwab,400,n,4,Completed,Physical Book,,Titan,Titan Books,13-Jun-2017,Fiction,Fantasy,eng
07-31-19,豆の上で眠る,湊 かなえ,367,n,,Completed,Physical Book,,新潮社,新潮文庫,28-Jun-2017,Fiction,Mystery,jp
05-07-20,Nevernight,Jay Kristoff,480,y,2,Completed,Audiobook,Libby,HarperCollins,HarperVoyager,29-Jun-2017,Fiction,Fantasy,eng
12-26-20,夜見師2,中村 ふみ,288,y,4.5,Completed,E-Book,Kindle,KADOKAWA,角川ホラー文庫,25-Jul-2017,Fiction,Horror,jp
11-12-20,BABEL 復讐の贈与者,日野 草,320,y,4,Completed,Physical Book,,KADOKAWA,角川文庫,25-Jul-2017,Fiction,Thriller,jp
10-10-17,ヲタクに恋は難しい (4),ふじた,127,y,3,Completed,Manga,,一迅社,一迅社,26-Jul-2017,Fiction,Romance,jp
10-16-21,Death Knocks Twice,Robert Thorogood,385,n,3,Completed,Audiobook,Libby,HarperCollins,HQ,27-Jul-2017,Fiction,Mystery,eng
06-08-21,The Keeper of Lost Things,Ruth Hogan,320,y,4,Completed,Audiobook,Libby,Hachette Book,Two Roads,10-Aug-2017,Fiction,Contemporary,eng
10-29-20,ルビンの壺が割れた,宿野 かほる,156,y,4,Completed,Physical Book,,新潮社,新潮社,22-Aug-2017,Fiction,Realist Literature,jp
,Stalking Jack the Ripper,Kerri Maniscalco,352,,,DNF,Audiobook,Libby,Jimmy Patterson,Jimmy Patterson,5-Sep-2017,Fiction,Mystery,eng
12-03-18,花咲舞が黙ってない,池井戸 潤,428,y,3,Completed,Physical Book,,中央公論新社,中公文庫,5-Sep-2017,Fiction,経済小説,jp
11-29-17,マスカレード・ナイト,東野 圭吾,464,y,4,Completed,Physical Book,,集英社,集英社文庫,15-Sep-2017,Fiction,Mystery,jp
06-23-19,Call Me By Your Name,Andre Aciman,256,n,5,Completed,Physical Book,,Atlantic Books,Atlantic Books,21-Sep-2017,Fiction,Bildungsroman,eng
01-08-19,サイメシスの迷宮 完璧な死体,アイダ サキ,256,n,4,Completed,Physical Book,,講談社,講談社タイガ,21-Sep-2017,Fiction,Mystery,jp
,Lily and the Octopus,Steven Rowley,320,,,DNF,Audiobook,BorrowBox,Simon & Schuster UK,Simon & Schuster UK,5-Oct-2017,Fiction,Literary Fiction,eng
12-31-19,A Gentleman in Moscow,Amor Towles,512,y,3,Completed,Physical Book,,Windmill Books,Windmill Books,2-Nov-2017,Fiction,History,eng
11-26-20,The Travelling Cat Chronicles,Hiro Arikawa,256,y,5,Completed,Physical Book,,Penguin Random House,Doubleday,2-Nov-2017,Fiction,Adventure,eng
07-01-21,Magpie Murders,Anthony Horowitz,560,y,2,Completed,Audiobook,BorrowBox,Orion,Orion,16-Nov-2017,Fiction,Mystery,eng
04-22-18,Magpie Murders,Anthony Horowitz,560,y,2,Completed,Physical Book,,Orion,Orion,16-Nov-2017,Fiction,Mystery,eng
01-12-20,How to Stop Time,Matt Haig,336,y,4.5,Completed,Physical Book,,Canongate Books,Canongate Books,14-Dec-2017,Fiction,Literary Fiction,eng
09-21-20,エレノア・オリファントは今日も元気です,ゲイル ハニーマン,432,y,5,Completed,Physical Book,,HarperCollins,ハーパーコリンズ・ ジャパン,16-Dec-2017,Fiction,Contemporary,jp
12-16-19,Friend Request,Laura Marshall,400,y,2,Completed,Physical Book,,Hachette Book,Sphere,11-Jan-2018,Fiction,Thriller,eng
12-10-18,Eleanor Oliphant is Completely Fine,Gail Honeyman,400,y,5,Completed,Physical Book,,HarperCollins,HarperCollins,25-Jan-2018,Fiction,Contemporary,eng
05-19-18,ヲタクに恋は難しい (5),ふじた,127,y,4,Completed,Manga,,一迅社,一迅社,2-Feb-2018,Fiction,Romance,jp
11-13-21,The Psychology of Fashion,Carolyn Mair,150,n,3,Completed,Audiobook,Libby,Routledge,Routledge,15-Mar-2018,Nonfiction,Fashion,eng
02-06-21,Why Mummy Drinks,Gill Sims,352,y,3,Completed,Audiobook,BorrowBox,HarperCollins,HarperCollins,31-May-2018,Nonfiction,Humour/ Satire,eng
09-26-21,ファーストラヴ,島本 理生,299,y,4,Completed,Audiobook,Audible,文藝春秋,文春文庫,31-May-2018,Fiction,Mystery,jp
12-08-20,最後の証人,柚月裕子,320,y,5,Completed,E-Book,Kindle,KADOKAWA,角川文庫,15-Jun-2018,Fiction,Mystery,jp
04-12-18,Ruin and Rising,Leigh Bardugo,421,y,3.5,Completed,Physical Book,,Orion,Orion Children's Books,28-Jun-2018,Fiction,Fantasy,eng
03-08-18,Siege and Storm,Leigh Bardugo,416,y,3,Completed,Physical Book,,orion,Orion Children's Books,28-Jun-2018,Fiction,Fantasy,eng
09-13-21,"Carry On, Jeeves",P. G. Wodehouse,288,y,3.5,Completed,Audiobook,Libby,Penguin Random House,Arrow,28-Jun-2018,Fiction,Humour/ Satire,eng
11-03-21,ヲタクに恋は難しい (6),ふじた,127,n,4,Completed,Manga,Kindle,一迅社,一迅社,31-Jul-2018,Fiction,Romance,jp
05-04-21,ビブリア古書堂の事件手帖 ~扉子と不思議な客人たち~,三上 延,272,y,3,Completed,E-Book,Kindle,KADOKAWA,メディアワークス文庫,22-Sep-2018,Fiction,Contemporary,jp
02-18-19,The Seven Deaths of Evelyn Hardcastle,Stuart Turton,544,y,3.5,Completed,Physical Book,,Penguin Random House,Raven Books,1-Oct-2018,Fiction,Horror,eng
11-06-17,The Gentleman's Guide to Vice and Virtue,Mackenzi Lee,544,y,4.5,Completed,Physical Book,,KTegenBks,KTegenBks,18-Oct-2018,Fiction,Humour/ Satire,eng
01-26-20,Murder by the Book: The Crime That Shocked Dickens's London,Claire Harman,272,n,,Completed,Physical Book,,Penguin Random House,Vintage,25-Oct-2018,Nonfiction,History,eng
09-25-21,Dear Mrs. Bird,AJ Pearce,320,y,4.5,Completed,Audiobook,BorrowBox,Macmillan Publishers,Picador,27-Dec-2018,Fiction,Romance,eng
,The Year of Less,Cait Flanders,218,,,DNF,Audiobook,BorrowBox,Hay House UK,Hay House UK,15-Jan-2019,Fiction,Self Help,eng
02-02-19,The Mermaid and Mrs Hancock,Imogen Hermes Gowar,496,y,1,Completed,Physical Book,,Penguin Random House,Vintage,24-Jan-2019,Fiction,Fantasy,eng
01-05-20,Test,Sylvain Neuvel,110,y,4,Completed,Audiobook,Libby,Macmillan Publishers,tor.com,12-Feb-2019,Fiction,Thriller,eng
04-04-19,あなたもスマホに殺される,志駕 晃,320,y,3,Completed,Physical Book,,KADOKAWA,角川文庫,23-Feb-2019,Fiction,Thriller,jp
01-06-22,Hello World: How to be Human in the Age of the Machine,Hannah Fry,320,y,4.5,Completed,Audiobook,Audible,Penguin Random House,Black Swan,28-Mar-2019,Nonfiction,Data,eng
07-19-19,The Secret Barrister: Stories of the Law and How It's Broken,Secret Barrister,373,n,4,Completed,Physical Book,,Macmillan Publishers,Picador,4-Apr-2019,Nonfiction,Law,eng
05-11-21,"Fragile: Why We Are Feeling More Anxious, Stressed and Overwhelmed Than Ever (And What We Can Do About It)",Stella O'malley,288,n,2,Completed,Audiobook,BorrowBox,Gill Books,Gill Books,5-Apr-2019,Nonfiction,Self Help,eng
10-17-20,Gentleman Jack: The Real Anne Lister The Official Companion to the BBC Series,"Sally Wainwright,Anne Choma",368,y,5,Completed,Audiobook,Unknown,Penguin Random House,BBC Books,25-Apr-2019,Nonfiction,Biographies,eng
12-10-19,The Colours of all the Cattle,Alexander McCall Smith,240,y,3,Completed,Audiobook,BorrowBox,Hachette Book,Abacus,2-May-2019,Fiction,Mystery,eng
02-09-20,陸王,池井戸 潤,752,n,5,Completed,Physical Book,,集英社,集英社文庫,21-Jun-2019,Fiction,経済小説,jp
04-29-22,Factfulness: Ten Reasons We'Re Wrong About The World - And Why Things Are Better Than You Think,"Hans Rosling,Ola Rosling,Anna Rosling Roennlund",352,y,4.5,Completed,Audiobook,Unknown,Hachette Book,Sceptre,27-Jun-2019,Nonfiction,Data,eng
04-06-21,The Bookish Life of Nina Hill,Abbi Waxman,352,y,5,Completed,Audiobook,Libby,Hachette Book,Headline Review,9-Jul-2019,Fiction,Realist Literature,eng
03-22-18,Carry on,Rainbow Rowell,528,y,2,Completed,Physical Book,,Macmillan Publishers,Macmillan Children's Books,11-Jul-2019,Fiction,Bildungsroman,eng
05-25-21,木曜日にはココアを,青山 美智子,211,y,3,Completed,E-Book,Kindle,宝島社,宝島社文庫,6-Aug-2019,Fiction,Realist Literature,jp
08-22-20,Once Upon a River,Diane Setterfield,432,y,3.5,Completed,Physical Book,,Penguin Random House,Black Swan,29-Aug-2019,Fiction,Fantasy,eng
05-03-20,A History of the World in 21 Women,Jenni Murray,304,y,5,Completed,Audiobook,BorrowBox,Oneworld Publications,Oneworld Publications,5-Sep-2019,Nonfiction,History,eng
03-02-21,The Diary of a Bookseller,Shaun Bythell,320,y,3,Completed,Physical Book,,Penguin Random House,Profile Books,13-Sep-2019,Nonfiction,"Essays, Journals & Letters",eng
08-30-20,Before the Coffee Gets Cold,Toshikazu Kawaguchi,224,y,5,Completed,E-Book,BorrowBox,Macmillan Publishers,Picador,19-Sep-2019,Fiction,Fantasy,eng
08-14-21,The Sentence Is Death,Anthony Horowitz,400,y,2,Completed,Audiobook,Audible,Penguin Random House,Century,24-Sep-2019,Fiction,Mystery,eng
08-25-20,"My Sister, the Serial Killer",Oyinkan Braithwaite,240,y,1.5,Completed,Physical Book,,Atlantic Books,Atlantic Books,26-Sep-2019,Fiction,Thriller,eng
06-23-19,Melmoth,Sarah Perry,288,n,1,Completed,Audiobook,Unknown,Serpent's Tail,Serpent's Tail,3-Oct-2019,Fiction,Literary Fiction,eng
06-06-21,The Housekeeper and the Professor,Yoko Ogawa,192,y,5,Completed,E-Book,Libby,Penguin Random House,Vintage Classics,3-Oct-2019,Fiction,Contemporary,eng
,どうしても生きてる,朝井 リョウ,323,y,4,Completed,Audiobook,Audible,幻冬舎,幻冬舎文庫,10-Oct-2019,Fiction,Contemporary,jp
09-01-21,The Girl Who Reads on the Métro,Christine Féret-Fleury,208,y,1,Completed,Audiobook,BorrowBox,Macmillan Publishers,Mantle,17-Oct-2019,Fiction,Contemporary,eng
07-15-21,The Hunting Party,Lucy Foley,416,n,4,Completed,Physical Book,,HarperCollins,HarperFiction,31-Oct-2019,Fiction,Mystery,eng
03-11-22,Honjin Murders,Seishi Yokomizu,192,n,3,Completed,Audiobook,BorrowBox,Penguin Random House,Pushkin Vertigo,5-Dec-2019,Fiction,Mystery,eng
06-02-21,The Binding,Bridget Collins,448,y,5,Completed,Physical Book,,HarperCollins,The Borough Press,26-Dec-2019,Fiction,Fantasy,eng
06-01-21,Reasons to be Cheerful,Nina Stibbe,288,y,1,Completed,Audiobook,BorrowBox,Penguin Random House,Penguin,2-Jan-2020,Fiction,Romance,eng
10-03-20,Blood & Sugar,Laura Shepherd-Robinson,464,y,5,Completed,Physical Book,,Macmillan Publishers,Pan,9-Jan-2020,Fiction,Mystery,eng
02-18-20,The Five: The Untold Lives of the Women Killed by Jack the Ripper,Hallie Rubenhold,432,y,5,Completed,Audiobook,BorrowBox,Penguin Random House,Black Swan,30-Jan-2020,Nonfiction,History,eng
10-02-20,Half a World Away,Mike Gayle,368,y,3,Completed,Physical Book,,Hachette Book,Hodder Paperbacks,20-Feb-2020,Fiction,Contemporary,eng
08-14-21,The Hitchhiker's Guide to the Galaxy,Douglas Adams,244,y,3,Completed,Audiobook,Libby,Macmillan Publishers,Pan,5-Mar-2020,Fiction,Humour/ Satire,eng
12-25-21,Humble Pi: A Comedy of Maths Errors,Matt Parker,336,y,5,Completed,Audiobook,Audible,Penguin Random House,Penguin,5-Mar-2020,Nonfiction,Mathematics,eng
08-25-21,逆ソクラテス,伊坂 幸太郎,288,n,,Completed,Audiobook,Audible,集英社,集英社,24-Apr-2020,Fiction,Bildungsroman,jp
12-30-18,A Court of Wings and Ruin,Sarah J. Maas,736,n,3,Completed,Physical Book,,Bloomsbury,Bloomsbury Publishing,2-Jun-2020,Fiction,Fantasy,eng
08-08-17,A Court of Thorns and Roses,Sarah J. Maas,432,y,4,Completed,Physical Book,,Bloomsbury,Bloomsbury Publishing,2-Jun-2020,Fiction,Fantasy,eng
03-02-18,A Court of Mist and Fury,Sarah J. Maas,656,y,4.5,Completed,Physical Book,,Bloomsbury,Bloomsbury Publishing,2-Jun-2020,Fiction,Romance,eng
02-16-19,The Lady's Guide to Petticoats and Piracy,Mackenzi Lee,480,y,2,Completed,Physical Book,,KTegenBks,KTegenBks,9-Jul-2020,Fiction,Humour/ Satire,eng
04-13-22,Dishonesty is the Second-Best Policy: And Other Rules to Live By,David Mitchell,272,y,4,Completed,Audiobook,Audible,Faber & Faber,Guardian Faber Publishing,3-Sep-2020,Nonfiction,Humour/ Satire,eng
04-23-21,Tales from the Cafe,Toshikazu Kawaguchi,208,y,3,Completed,Audiobook,Libby,Macmillan Publishers,Picador,17-Sep-2020,Fiction,Fantasy,eng
03-21-21,Pride and Papercuts,Staci Hart,290,y,1,Completed,E-Book,Kindle,Independently published,Independently published,8-Oct-2020,Fiction,Romance,eng
05-11-21,The Midnight Library,Matt Haig,304,y,5,Completed,Audiobook,BorrowBox,Canongate Books,Canongate Books,18-Feb-2021,Fiction,Fantasy,eng
03-22-22,The Phone Booth at the Edge of the World: A Novel,Laura Imai Messina,416,y,5,Completed,Audiobook,Audible,Bonnier,Manilla Press,4-Mar-2021,Fiction,Realist Literature,eng
01-26-18,Shadow and Bone,Leigh Bardugo,352,y,3.5,Completed,Physical Book,,Orion,Orion Children's Books,20-Apr-2021,Fiction,Fantasy,eng
05-06-21,Lonely Castle in the Mirror,Mizuki Tsujimura,368,n,5,Completed,Physical Book,,Penguin Random House,Doubleday,22-Apr-2021,Fiction,Fantasy,eng
07-05-21,Moonflower Murders,Anthony Horowitz,608,y,2,Completed,Audiobook,Audible,Penguin Random House,Arrow,29-Apr-2021,Fiction,Mystery,eng
04-18-22,"Thinking, Fast and Slow",Daniel Kahneman,512,y,4,Completed,Audiobook,BorrowBox,Penguin Random House,Penguin,10-May-2021,Nonfiction,Psychology,eng
01-03-21,The Thursday Murder Club,Richard Osman,400,y,2.5,Completed,Physical Book,,Penguin Random House,Penguin,13-May-2021,Fiction,Mystery,eng
,If I Had Your Face,Frances Cha,288,,,Incomplete,Audiobook,Libby,Penguin Random House,Penguin,24-Jun-2021,Fiction,Contemporary,eng
06-29-21,The Marlow Murder Club,Robert Thorogood,352,y,3,Completed,Audiobook,Libby,HarperCollins,HQ,8-Jul-2021,Fiction,Mystery,eng
12-31-21,Calling Bullshit: The Art of Scepticism in a Data-Driven World,"Jevin D. West,Carl T. Bergstrom",336,y,4,Completed,Audiobook,BorrowBox,Penguin Random House,Penguin,5-Aug-2021,Nonfiction,Data,eng
01-05-22,Nudge,Richard H Thaler,384,y,4,Completed,Audiobook,Libby,Penguin Random House,Allen Lane,19-Aug-2021,Nonfiction,Economics,eng
04-17-22,The Man Who Mistook His Job for His Life: How to Thrive at Work by Leaving Your Emotional Baggage Behind,Naomi Shragai,288,y,2,Completed,Audiobook,BorrowBox,WH Allen,WH Allen,26-Aug-2021,Nonfiction,Psychology,eng
09-10-21,A House Through Time,David Olusoga,304,y,4.5,Completed,Audiobook,BorrowBox,Macmillan Publishers,Picador,2-Sep-2021,Nonfiction,Architectural History,eng
11-03-21,The Cat Who Saved Books,Sosuke Natsukawa,244,y,1,Completed,Audiobook,Audible,Macmillan Publishers,Picador,16-Sep-2021,Fiction,Literary Fiction,eng
01-10-22,The Ex Hex: Never mix witchcraft and vodka . . . a spellbinding TikTok-sensation rom-com! Kindle Edition,Erin Sterling,322,y,3,Completed,Audiobook,Audible,Hachette Book,Headline Eternal,28-Sep-2021,Fiction,Fantasy,eng
,Joy at Work: Organizing Your Professional Life,Marie Kondo,288,n,,DNF,Audiobook,BorrowBox,Macmillan Publishers,Bluebird,14-Oct-2021,Nonfiction,Self Help,eng
04-30-19,The Seven Husbands of Evelyn Hugo,Taylor Jenkins Reid,400,y,5,Completed,Physical Book,,Simon & Schuster UK,Simon & Schuster UK,14-Oct-2021,Fiction,Romance,eng
04-27-21,Confessions of a Forty-something F##k Up,Alexandra Potter,528,y,4,Completed,Audiobook,BorrowBox,Macmillan Publishers,Pan,9-Dec-2021,Nonfiction,Humour/ Satire,eng
09-19-18,This is Going to Hurt: Secret Diaries of a Junior Doctor,Adam Kay,304,y,5,Completed,Physical Book,,Macmillan Publishers,Picador,3-Feb-2022,Nonfiction,Humour/ Satire,eng
04-29-22,Dress Code,Veronique Hyland,272,y,1,Completed,Audiobook,BorrowBox,HarperCollins,Harper Perennial,15-Mar-2022,Nonfiction,Fashion,eng
04-09-22,Noise: A Flaw in Human Judgment,"Cass Sunstein, Daniel Kahneman, and Olivier Sibony",320,n,,DNF,Audiobook,Libby,William Collins,William Collins,31-May-2022,Nonfiction,Data,eng
,Yours Cheerfully,AJ Pearce,368,,,TBR,Audiobook,BorrowBox,Macmillan Publishers,Picador,7-Jul-2022,Fiction,Romance,eng
02-19-20,Twas The Nightshift Before Christmas,Adam Kay,160,y,4,Completed,Physical Book,,Macmillan Publishers,Picador,13-Oct-2022,Nonfiction,Humour/ Satire,eng